DATA_LOB,DATA_DMN,DATA_SUB_DMN,DATA_BUS_ELEM,DB_NAME,SRC_TBL,INCR_DT_COL,TBL_CDE,INCR_DT_COND,UNQ_INDEX_COLS,AUTO_PRFL_FREQ,AUTO_PRFL_SCHD_TS,EMAIL_DIST,IS_ACTIVE_FLG,IS_COMPLETE_FLG,IS_CRITICAL_FLG,DATA_SRC,PRODUCT_NAME,PRODUCT_TYPE,PRODUCT_AREA,BUSINESS_PROGRAM
VCG,Marketing,5G_REPORTING_TIER1,5G_REPORTING_TIER1,NTL_PRD_ALLVM,CJCM_CASE_HIST_V,,,,CASE_ID,Daily,10 11 * * *,"abhinav.batra1@verizon.com,ashish.k.singh@verizon.com",Y,N,Y,TD,5G,TIER1,CORE SERVICES,5G_Reporting_Tier1
VCG,Marketing,5G_REPORTING_TIER1,5G_REPORTING_TIER1,NTL_PRD_ALLVM,CJCM_CASE_STATUS_V,,,,CASE_ID,Daily,10 11 * * *,"abhinav.batra1@verizon.com,ashish.k.singh@verizon.com",Y,N,Y,TD,5G,TIER1,CORE SERVICES,5G_Reporting_Tier1
VCG,Marketing,5G_REPORTING_TIER1,5G_REPORTING_TIER1,NTL_PRD_ALLVM,CUST_ACCT_ADDR_V,,,,"CUST_ID,ACCT_NUM,LAST_UPD_DT",Daily,10 11 * * *,"abhinav.batra1@verizon.com,ashish.k.singh@verizon.com",Y,N,Y,TD,5G,TIER1,CORE SERVICES,5G_Reporting_Tier1
VCG,Marketing,5G_REPORTING_TIER1,5G_REPORTING_TIER1,NTL_PRD_ALLVM,CUST_ACCT_EMAIL_V,,,,"EMAIL_ADDR,CUST_ID,ACCT_NUM",Daily,10 11 * * *,"abhinav.batra1@verizon.com,ashish.k.singh@verizon.com",Y,N,Y,TD,5G,TIER1,CORE SERVICES,5G_Reporting_Tier1
VCG,Marketing,5G_REPORTING_TIER1,5G_REPORTING_TIER1,NTL_PRD_ALLVM,FIXED_5G_CUST_QUALIFY_ADDR_v,,,,"QUALIFY_CHECK_DT,LOCUS_ID,EVENT_CORRELATION_ID,ADDR_LINE1,Create_Dt,IP_ADDR,ADDR_TYPE,PROCESS",Daily,10 11 * * *,"abhinav.batra1@verizon.com,ashish.k.singh@verizon.com",Y,N,Y,TD,5G,TIER1,CORE SERVICES,5G_Reporting_Tier1
VCG,Marketing,5G_REPORTING_TIER1,5G_REPORTING_TIER1,NTL_PRD_ALLVM,FIXED_5G_DVC_DETAIL_V,,,,"CUST_ID,ACCT_NUM,CUST_LINE_SEQ_ID,DEVICE_ID,EQUIPMENT_EFF_TS",Daily,10 11 * * *,"abhinav.batra1@verizon.com,ashish.k.singh@verizon.com",Y,N,Y,TD,5G,TIER1,CORE SERVICES,5G_Reporting_Tier1
VCG,Marketing,5G_REPORTING_TIER1,5G_REPORTING_TIER1,NTL_PRD_ALLVM,FIXED_5G_IA_INSTALL_DETAIL_V,,,,"STORE_NUM,INVC_NUM",Daily,10 11 * * *,"abhinav.batra1@verizon.com,ashish.k.singh@verizon.com",Y,N,Y,TD,5G,TIER1,CORE SERVICES,5G_Reporting_Tier1
VCG,Marketing,5G_REPORTING_TIER1,5G_REPORTING_TIER1,NTL_PRD_ALLVM,FIXED_5G_ORDER_V,,,,ORDER_ID,Daily,10 11 * * *,"abhinav.batra1@verizon.com,ashish.k.singh@verizon.com",Y,N,Y,TD,5G,TIER1,CORE SERVICES,5G_Reporting_Tier1
VCG,Marketing,5G_REPORTING_TIER1,5G_REPORTING_TIER1,NTL_PRD_ALLVM,FIXED_5G_VPM_ORDER_TRACKING_V,,,,"VPM_ORDER_NUM,VPM_JOB_ID",Daily,10 11 * * *,"abhinav.batra1@verizon.com,ashish.k.singh@verizon.com",Y,N,Y,TD,5G,TIER1,CORE SERVICES,5G_Reporting_Tier1
VCG,Marketing,5G_REPORTING_TIER1,5G_REPORTING_TIER1,NTL_PRD_ALLVM,POS_FIXED_5G_ORDER_V,,,,"INVC_NUM,STORE_NUM",Daily,10 11 * * *,"abhinav.batra1@verizon.com,ashish.k.singh@verizon.com",Y,N,Y,TD,5G,TIER1,CORE SERVICES,5G_Reporting_Tier1
VCG,Marketing,5G_REPORTING_TIER1,5G_REPORTING_TIER1,NTL_PRD_ALLVM,POS_FIXED_ORDER_ADDRESS_V,,,,FWA_SEQ_ID,Daily,10 11 * * *,"abhinav.batra1@verizon.com,ashish.k.singh@verizon.com",Y,N,Y,TD,5G,TIER1,CORE SERVICES,5G_Reporting_Tier1
VCG,Marketing,5G_REPORTING_TIER1,5G_REPORTING_TIER1,NTL_PRD_ALLVM,POS_FIXED_WIRELESS_APPT_V,,,,"INVC_NUM,STORE_NUM",Daily,10 11 * * *,"abhinav.batra1@verizon.com,ashish.k.singh@verizon.com",Y,N,Y,TD,5G,TIER1,CORE SERVICES,5G_Reporting_Tier1
VCG,Marketing,5G_REPORTING_TIER1,5G_REPORTING_TIER1,NTL_PRD_ALLVM,USER_ID_V,,,,"EMP_ID,USER_ID",Daily,10 11 * * *,"abhinav.batra1@verizon.com,ashish.k.singh@verizon.com",Y,N,Y,TD,5G,TIER1,CORE SERVICES,5G_Reporting_Tier1
VCG,Marketing,5G_Tradein_Emp_REPORTING_TIER1,5G_Tradein_Emp_REPORTING_TIER1,NTL_PRD_ALLVM,OUTLET_v,,,,"SLS_DIST_CHNL_TYPE_CD,DISTRICT_CD",Daily,40 11 * * *,"abhinav.batra1@verizon.com,ashish.k.singh@verizon.com",Y,N,Y,TD,5G_Tradein_Emp,TIER1,CORE SERVICES,5G_Tradein_Emp_Reporting_Tier1
VCG,Finance,DAPR_REPORTING_TIER1,DAPR_REPORTING_TIER1,NTL_PRD_ALLVM,One_Talk_Activity_V,,,,"CUST_ID,CUST_LINE_SEQ_ID",Daily,40 12 * * *,"abhinav.batra1@verizon.com,ashish.k.singh@verizon.com",Y,N,Y,TD,DAPR,TIER1,CORE SERVICES,Dapr_Reporting_Tier1
VCG,Marketing,Live_PSN_chat_REPORTING_TIER1,Live_PSN_chat_REPORTING_TIER1,NTL_PRD_ALLVM,SVC_PROD_EQP_PROMO_INF_v,,,,SVC_PROD_ID,Daily,10 13 * * *,"abhinav.batra1@verizon.com,ashish.k.singh@verizon.com",Y,N,Y,TD,Live_PSN_Chat,TIER1,CORE SERVICES,Live_Psn_Chat_Reporting_Tier1
VCG,Finance,Core_services_REPORTING_TIER1,Core_services_REPORTING_TIER1,NTL_PRD_ALLVM,POS_SCREEN_USAGE_v,,,,"NETACE_USER_ID,CUST_ID,ACCT_NUM,ORDER_TIMESTAMP,SCREEN_ID,APPLICATION_ID",Daily,10 12 * * *,"abhinav.batra1@verizon.com,ashish.k.singh@verizon.com",Y,N,Y,TD,Core_Services,TIER1,CORE SERVICES,Core_Services_Reporting_Tier1
VCG,Finance,Core_services_REPORTING_TIER1,Core_services_REPORTING_TIER1,NTL_PRD_ALLVM,dsa_date_cntrl_tbl_v,,,,"SOR_ID,TRANS_DT",Daily,10 12 * * *,"abhinav.batra1@verizon.com,ashish.k.singh@verizon.com",Y,N,Y,TD,Core_Services,TIER1,CORE SERVICES,Core_Services_Reporting_Tier1
VCG,Finance,Core_services_REPORTING_TIER1,Core_services_REPORTING_TIER1,NTL_PRD_ALLVM,Cust_Acct_Pplan_Hist_v,,,,"Cust_Id,Acct_Num",Daily,10 12 * * *,"abhinav.batra1@verizon.com,ashish.k.singh@verizon.com",Y,N,Y,TD,Core_Services,TIER1,CORE SERVICES,Core_Services_Reporting_Tier1
VCG,Finance,Core_services_REPORTING_TIER1,Core_services_REPORTING_TIER1,NTL_PRD_ALLVM,CUST_ACCT_LINE_PPLAN_HIST_v,,,,"CUST_ID,ACCT_NUMTRANS_DT,CUST_LINE_SEQ_ID",Daily,10 12 * * *,"abhinav.batra1@verizon.com,ashish.k.singh@verizon.com",Y,N,Y,TD,Core_Services,TIER1,CORE SERVICES,Core_Services_Reporting_Tier1
VCG,Finance,Core_services_REPORTING_TIER1,Core_services_REPORTING_TIER1,NTL_PRD_ALLVM,CUST_ACCT_LINE_DLY_HIST_v,,,,"PPLAN_CD,SLS_OUTLET_ID,ORIG_CUST_ID,MTN,CUST_ID,ACCT_NUM,CUST_LINE_SEQ_ID",Daily,10 12 * * *,"abhinav.batra1@verizon.com,ashish.k.singh@verizon.com",Y,N,Y,TD,Core_Services,TIER1,CORE SERVICES,Core_Services_Reporting_Tier1
VCG,Finance,Core_services_REPORTING_TIER1,Core_services_REPORTING_TIER1,NTL_PRD_ALLVM,CUST_ACCT_DLY_HIST_v,,,,"CUST_ID,ACCT_NUM,XMKT_ACCT_NUM,RLTD_ACCT_ID",Daily,10 12 * * *,"abhinav.batra1@verizon.com,ashish.k.singh@verizon.com",Y,N,Y,TD,Core_Services,TIER1,CORE SERVICES,Core_Services_Reporting_Tier1
VCG,Finance,Core_services_REPORTING_TIER1,Core_services_REPORTING_TIER1,NTL_PRD_ALLVM,VSN_GL_IS_DETAIL_v,,,,"CUST_ID,ACCT_NUM,CUST_LINE_SEQ_ID,MTN,TRANS_DT",Daily,10 12 * * *,"abhinav.batra1@verizon.com,ashish.k.singh@verizon.com",Y,N,Y,TD,Core_Services,TIER1,CORE SERVICES,Core_Services_Reporting_Tier1
VCG,FINANCE,EXECUTIVE_REPORTING_TIER1,EXECUTIVE_REPORTING_TIER1,NTL_PRD_ALLVM,CUST_ACCT_LINE_v,,,,"CUST_ID,CUST_LINE_SEQ_ID",Daily,40 13 * * *,"ashish.k.singh@verizon.com,abhinav.batra1@verizon.com",Y,N,Y,TD,Executive_Reporting,TIER1,CORE SERVICES,Executive_Reporting_Tier1
VCG,FINANCE,EXECUTIVE_REPORTING_TIER1,EXECUTIVE_REPORTING_TIER1,NTL_PRD_ALLVM,Cust_Acct_Line_Svc_Prod_v,,,,"CUST_ID,CUST_LINE_SEQ_ID",Daily,40 13 * * *,"ashish.k.singh@verizon.com,abhinav.batra1@verizon.com",Y,N,Y,TD,Executive_Reporting,TIER1,CORE SERVICES,Executive_Reporting_Tier1
VCG,FINANCE,EXECUTIVE_REPORTING_TIER1,EXECUTIVE_REPORTING_TIER1,NTL_PRD_ALLVM,Cust_Acct_Line_Svc_Prod_Tran_v,,,,"CUST_ID,CUST_LINE_SEQ_ID,SVC_PROD_DEACT_DT",Daily,40 13 * * *,"ashish.k.singh@verizon.com,abhinav.batra1@verizon.com",Y,N,Y,TD,Executive_Reporting,TIER1,CORE SERVICES,Executive_Reporting_Tier1
VCG,FINANCE,EXECUTIVE_REPORTING_TIER1,EXECUTIVE_REPORTING_TIER1,NTL_PRD_ALLVM,Cust_Acct_Svc_Prod_Trans_v,,,,"CUST_ID,ACCT_NUM,SVC_PROD_ID",Daily,40 13 * * *,"ashish.k.singh@verizon.com,abhinav.batra1@verizon.com",Y,N,Y,TD,Executive_Reporting,TIER1,CORE SERVICES,Executive_Reporting_Tier1
VCG,FINANCE,EXECUTIVE_REPORTING_TIER1,EXECUTIVE_REPORTING_TIER1,NTL_PRD_ALLVM,CUST_ECPD_v,,,,"ECPD_PROFILE_ID,CUST_ID",Daily,40 13 * * *,"ashish.k.singh@verizon.com,abhinav.batra1@verizon.com",Y,N,Y,TD,Executive_Reporting,TIER1,CORE SERVICES,Executive_Reporting_Tier1
VCG,FINANCE,EXECUTIVE_REPORTING_TIER1,EXECUTIVE_REPORTING_TIER1,NTL_PRD_ALLVM,EDGE_ELIG_RESULTS_v,,,,"CUST_ID,ACCT_NUM,TRANS_DT,TRANS_TS",Daily,40 13 * * *,"ashish.k.singh@verizon.com,abhinav.batra1@verizon.com",Y,N,Y,TD,Executive_Reporting,TIER1,CORE SERVICES,Executive_Reporting_Tier1
VCG,FINANCE,EXECUTIVE_REPORTING_TIER1,EXECUTIVE_REPORTING_TIER1,NTL_PRD_ALLVM,EQUIPMENT_v,,,,EQP_PROD_ID,Daily,40 13 * * *,"ashish.k.singh@verizon.com,abhinav.batra1@verizon.com",Y,N,Y,TD,Executive_Reporting,TIER1,CORE SERVICES,Executive_Reporting_Tier1
VCG,FINANCE,EXECUTIVE_REPORTING_TIER1,EXECUTIVE_REPORTING_TIER1,NTL_PRD_ALLVM,CUST_ACCT_LINE_DIM_DLY_HIST_v,,,,CUST_ACCT_LINE_DIM_DLY_HIST,Daily,40 13 * * *,"ashish.k.singh@verizon.com,abhinav.batra1@verizon.com",Y,N,Y,TD,Executive_Reporting,TIER1,CORE SERVICES,Executive_Reporting_Tier1
VCG,FINANCE,EXECUTIVE_REPORTING_TIER1,EXECUTIVE_REPORTING_TIER1,NTL_PRD_ALLVM,CUST_ACCT_LINE_IMEI_DEVICE_v,,,,"CUST_ID,CUST_LINE_SEQ_ID",Daily,40 13 * * *,"ashish.k.singh@verizon.com,abhinav.batra1@verizon.com",Y,N,Y,TD,Executive_Reporting,TIER1,CORE SERVICES,Executive_Reporting_Tier1
VCG,FINANCE,EXECUTIVE_REPORTING_TIER1,EXECUTIVE_REPORTING_TIER1,NTL_PRD_ALLVM,CUST_ACCT_LINE_PPLAN_v,,,," CUST_ID,CUST_LINE_SEQ_ID ",Daily,40 13 * * *,"ashish.k.singh@verizon.com,abhinav.batra1@verizon.com",Y,N,Y,TD,Executive_Reporting,TIER1,CORE SERVICES,Executive_Reporting_Tier1
VCG,FINANCE,EXECUTIVE_REPORTING_TIER1,EXECUTIVE_REPORTING_TIER1,NTL_PRD_ALLVM,CUST_DIM_DLY_HIST_v,,,,CUST_DIM_DLY_HIST,Daily,40 13 * * *,"ashish.k.singh@verizon.com,abhinav.batra1@verizon.com",Y,N,Y,TD,Executive_Reporting,TIER1,CORE SERVICES,Executive_Reporting_Tier1
VCG,FINANCE,EXECUTIVE_REPORTING_TIER1,EXECUTIVE_REPORTING_TIER1,NTL_PRD_ALLVM,ACSS_BATCH_REQUEST_TYPE_v,,,,REQST_TYPE_CD,Daily,40 13 * * *,"ashish.k.singh@verizon.com,abhinav.batra1@verizon.com",Y,N,Y,TD,Executive_Reporting,TIER1,CORE SERVICES,Executive_Reporting_Tier1
VCG,FINANCE,EXECUTIVE_REPORTING_TIER1,EXECUTIVE_REPORTING_TIER1,NTL_PRD_ALLVM,BILLING_METHOD_v,,,,BILLING_METHOD,Daily,40 13 * * *,"ashish.k.singh@verizon.com,abhinav.batra1@verizon.com",Y,N,Y,TD,Executive_Reporting,TIER1,CORE SERVICES,Executive_Reporting_Tier1
VCG,FINANCE,EXECUTIVE_REPORTING_TIER1,EXECUTIVE_REPORTING_TIER1,NTL_PRD_ALLVM,CELLULAR_CARRIER_v,,,,CELLULAR_CARRIER,Daily,40 13 * * *,"ashish.k.singh@verizon.com,abhinav.batra1@verizon.com",Y,N,Y,TD,Executive_Reporting,TIER1,CORE SERVICES,Executive_Reporting_Tier1
VCG,FINANCE,EXECUTIVE_REPORTING_TIER1,EXECUTIVE_REPORTING_TIER1,NTL_PRD_ALLVM,CORP_REPORTING_CHANNEL_v,,,,CORP_REPORTING_CHANNEL,Daily,40 13 * * *,"ashish.k.singh@verizon.com,abhinav.batra1@verizon.com",Y,N,Y,TD,Executive_Reporting,TIER1,CORE SERVICES,Executive_Reporting_Tier1
VCG,FINANCE,EXECUTIVE_REPORTING_TIER1,EXECUTIVE_REPORTING_TIER1,NTL_PRD_ALLVM,CUST_v,,,,CUST_ID,Daily,40 13 * * *,"ashish.k.singh@verizon.com,abhinav.batra1@verizon.com",Y,N,Y,TD,Executive_Reporting,TIER1,CORE SERVICES,Executive_Reporting_Tier1
VCG,FINANCE,EXECUTIVE_REPORTING_TIER1,EXECUTIVE_REPORTING_TIER1,NTL_PRD_ALLVM,CUST_ACCT_v,,,,"CUST_ID,ACCT_NUM ",Daily,40 13 * * *,"ashish.k.singh@verizon.com,abhinav.batra1@verizon.com",Y,N,Y,TD,Executive_Reporting,TIER1,CORE SERVICES,Executive_Reporting_Tier1
VCG,FINANCE,EXECUTIVE_REPORTING_TIER1,EXECUTIVE_REPORTING_TIER1,NTL_PRD_ALLVM,CUST_ACCT_CBR_v,,,,CUST_ACCT_CBR,Daily,40 13 * * *,"ashish.k.singh@verizon.com,abhinav.batra1@verizon.com",Y,N,Y,TD,Executive_Reporting,TIER1,CORE SERVICES,Executive_Reporting_Tier1
VCG,FINANCE,EXECUTIVE_REPORTING_TIER1,EXECUTIVE_REPORTING_TIER1,NTL_PRD_ALLVM,CUST_ACCT_DNS_v,,,,"CUST_ID,ACCT_NUM",Daily,40 13 * * *,"ashish.k.singh@verizon.com,abhinav.batra1@verizon.com",Y,N,Y,TD,Executive_Reporting,TIER1,CORE SERVICES,Executive_Reporting_Tier1
VCG,FINANCE,EXECUTIVE_REPORTING_TIER1,EXECUTIVE_REPORTING_TIER1,NTL_PRD_ALLVM,CUST_ACCT_LINE_ADDR_DLY_HIST_v,,,,"CUST_ID,CUST_LINE_SEQ_ID",Daily,40 13 * * *,"ashish.k.singh@verizon.com,abhinav.batra1@verizon.com",Y,N,Y,TD,Executive_Reporting,TIER1,CORE SERVICES,Executive_Reporting_Tier1
VCG,FINANCE,EXECUTIVE_REPORTING_TIER1,EXECUTIVE_REPORTING_TIER1,NTL_PRD_ALLVM,CUST_ACCT_LINE_CBR_v,,,,"CUST_ID,CUST_LINE_SEQ_ID ",Daily,40 13 * * *,"ashish.k.singh@verizon.com,abhinav.batra1@verizon.com",Y,N,Y,TD,Executive_Reporting,TIER1,CORE SERVICES,Executive_Reporting_Tier1
VCG,FINANCE,EXECUTIVE_REPORTING_TIER1,EXECUTIVE_REPORTING_TIER1,NTL_PRD_ALLVM,CUST_ACCT_LINE_CCPA_OPT_OUT_v,,,,MTN,Daily,40 13 * * *,"ashish.k.singh@verizon.com,abhinav.batra1@verizon.com",Y,N,Y,TD,Executive_Reporting,TIER1,CORE SERVICES,Executive_Reporting_Tier1
VCG,FINANCE,EXECUTIVE_REPORTING_TIER1,EXECUTIVE_REPORTING_TIER1,NTL_PRD_ALLVM,CUST_ACCT_LINE_DNS_v,,,,"CUST_ID,CUST_LINE_SEQ_ID",Daily,40 13 * * *,"ashish.k.singh@verizon.com,abhinav.batra1@verizon.com",Y,N,Y,TD,Executive_Reporting,TIER1,CORE SERVICES,Executive_Reporting_Tier1
VCG,FINANCE,EXECUTIVE_REPORTING_TIER1,EXECUTIVE_REPORTING_TIER1,NTL_PRD_ALLVM,CUST_ACCT_LINE_EHA_v,,,,"CUST_ID,CUST_LINE_SEQ_ID,MTN,IP_POOL_EFF_DT",Daily,40 13 * * *,"ashish.k.singh@verizon.com,abhinav.batra1@verizon.com",Y,N,Y,TD,Executive_Reporting,TIER1,CORE SERVICES,Executive_Reporting_Tier1
VCG,FINANCE,EXECUTIVE_REPORTING_TIER1,EXECUTIVE_REPORTING_TIER1,NTL_PRD_ALLVM,CUST_ACCT_LINE_TRANS_v,,,,"MTN,CUST_ID,TRANS_DT,CUST_LINE_SEQ_ID",Daily,40 13 * * *,"ashish.k.singh@verizon.com,abhinav.batra1@verizon.com",Y,N,Y,TD,Executive_Reporting,TIER1,CORE SERVICES,Executive_Reporting_Tier1
VCG,FINANCE,EXECUTIVE_REPORTING_TIER1,EXECUTIVE_REPORTING_TIER1,NTL_PRD_ALLVM,CUST_ACCT_WO_v,,,,"CUST_ID,ACCT_NUM,WO_DT",Daily,40 13 * * *,"ashish.k.singh@verizon.com,abhinav.batra1@verizon.com",Y,N,Y,TD,Executive_Reporting,TIER1,CORE SERVICES,Executive_Reporting_Tier1
VCG,FINANCE,EXECUTIVE_REPORTING_TIER1,EXECUTIVE_REPORTING_TIER1,NTL_PRD_ALLVM,CUST_ADDR_v,,,,CUST_ID,Daily,40 13 * * *,"ashish.k.singh@verizon.com,abhinav.batra1@verizon.com",Y,N,Y,TD,Executive_Reporting,TIER1,CORE SERVICES,Executive_Reporting_Tier1
VCG,FINANCE,EXECUTIVE_REPORTING_TIER1,EXECUTIVE_REPORTING_TIER1,NTL_PRD_ALLVM,CUST_BTA_OVERRIDE_v,,,,CUST_ID,Daily,40 13 * * *,"ashish.k.singh@verizon.com,abhinav.batra1@verizon.com",Y,N,Y,TD,Executive_Reporting,TIER1,CORE SERVICES,Executive_Reporting_Tier1
VCG,FINANCE,EXECUTIVE_REPORTING_TIER1,EXECUTIVE_REPORTING_TIER1,NTL_PRD_ALLVM,CUST_DLY_HIST_v,,,,CUST_ID,Daily,40 13 * * *,"ashish.k.singh@verizon.com,abhinav.batra1@verizon.com",Y,N,Y,TD,Executive_Reporting,TIER1,CORE SERVICES,Executive_Reporting_Tier1
VCG,FINANCE,EXECUTIVE_REPORTING_TIER1,EXECUTIVE_REPORTING_TIER1,NTL_PRD_ALLVM,DATA_CONTRACT_v,,,,"CUST_ID,CUST_LINE_SEQ_ID",Daily,40 13 * * *,"ashish.k.singh@verizon.com,abhinav.batra1@verizon.com",Y,N,Y,TD,Executive_Reporting,TIER1,CORE SERVICES,Executive_Reporting_Tier1
VCG,FINANCE,EXECUTIVE_REPORTING_TIER1,EXECUTIVE_REPORTING_TIER1,NTL_PRD_ALLVM,DLY_LINE_ACTIVITY_v,,,,"CUST_ID,CUST_LINE_SEQ_ID",Daily,40 13 * * *,"ashish.k.singh@verizon.com,abhinav.batra1@verizon.com",Y,N,Y,TD,Executive_Reporting,TIER1,CORE SERVICES,Executive_Reporting_Tier1
VCG,FINANCE,EXECUTIVE_REPORTING_TIER1,EXECUTIVE_REPORTING_TIER1,NTL_PRD_ALLVM,dly_line_activity_DEL_v,,,,"CUST_ID,CUST_LINE_SEQ_ID",Daily,40 13 * * *,"ashish.k.singh@verizon.com,abhinav.batra1@verizon.com",Y,N,Y,TD,Executive_Reporting,TIER1,CORE SERVICES,Executive_Reporting_Tier1
VCG,FINANCE,EXECUTIVE_REPORTING_TIER1,EXECUTIVE_REPORTING_TIER1,NTL_PRD_ALLVM,DLY_LINE_ACTIVITY_PPLAN_v,,,,"CUST_ID,CUST_LINE_SEQ_ID",Daily,40 13 * * *,"ashish.k.singh@verizon.com,abhinav.batra1@verizon.com",Y,N,Y,TD,Executive_Reporting,TIER1,CORE SERVICES,Executive_Reporting_Tier1
VCG,FINANCE,EXECUTIVE_REPORTING_TIER1,EXECUTIVE_REPORTING_TIER1,NTL_PRD_ALLVM,DLY_LINE_ACTIVITY_PPLAN_PEND_v,,,,"SOR_ID,CUST_ID,CUST_LINE_SEQ_ID,MTN,ORDER_NUM,DB_DT, DB_TM",Daily,40 13 * * *,"ashish.k.singh@verizon.com,abhinav.batra1@verizon.com",Y,N,Y,TD,Executive_Reporting,TIER1,CORE SERVICES,Executive_Reporting_Tier1
VCG,FINANCE,EXECUTIVE_REPORTING_TIER1,EXECUTIVE_REPORTING_TIER1,NTL_PRD_ALLVM,DLY_SERVICE_ACTIVITY_v,,,,"CUST_ID,CUST_LINE_SEQ_ID",Daily,40 13 * * *,"ashish.k.singh@verizon.com,abhinav.batra1@verizon.com",Y,N,Y,TD,Executive_Reporting,TIER1,CORE SERVICES,Executive_Reporting_Tier1
VCG,FINANCE,EXECUTIVE_REPORTING_TIER1,EXECUTIVE_REPORTING_TIER1,NTL_PRD_ALLVM,dpv_data_plan_map_v,,,,"PPLAN_CD,PPLAN_MKT_CD,DATA_PROD_CD",Daily,40 13 * * *,"ashish.k.singh@verizon.com,abhinav.batra1@verizon.com",Y,N,Y,TD,Executive_Reporting,TIER1,CORE SERVICES,Executive_Reporting_Tier1
VCG,FINANCE,EXECUTIVE_REPORTING_TIER1,EXECUTIVE_REPORTING_TIER1,NTL_PRD_ALLVM,dpv_data_services_activity_v,,,,"CUST_ID,CUST_LINE_SEQ_ID",Daily,40 13 * * *,"ashish.k.singh@verizon.com,abhinav.batra1@verizon.com",Y,N,Y,TD,Executive_Reporting,TIER1,CORE SERVICES,Executive_Reporting_Tier1
VCG,FINANCE,EXECUTIVE_REPORTING_TIER1,EXECUTIVE_REPORTING_TIER1,NTL_PRD_ALLVM,dpv_data_services_subs_v,,,," CUST_ID,CUST_LINE_SEQ_ID",Daily,40 13 * * *,"ashish.k.singh@verizon.com,abhinav.batra1@verizon.com",Y,N,Y,TD,Executive_Reporting,TIER1,CORE SERVICES,Executive_Reporting_Tier1
VCG,FINANCE,EXECUTIVE_REPORTING_TIER1,EXECUTIVE_REPORTING_TIER1,NTL_PRD_ALLVM,dpv_feat_pack_map_v,,,,"SVC_ID,DATA_PROD_CD",Daily,40 13 * * *,"ashish.k.singh@verizon.com,abhinav.batra1@verizon.com",Y,N,Y,TD,Executive_Reporting,TIER1,CORE SERVICES,Executive_Reporting_Tier1
VCG,FINANCE,EXECUTIVE_REPORTING_TIER1,EXECUTIVE_REPORTING_TIER1,NTL_PRD_ALLVM,FINANCE_REPORT_CALENDAR_v,,,,"TRANS_PERIOD_START_DT,TRANS_PERIOD_END_DT",Daily,40 13 * * *,"ashish.k.singh@verizon.com,abhinav.batra1@verizon.com",Y,N,Y,TD,Executive_Reporting,TIER1,CORE SERVICES,Executive_Reporting_Tier1
VCG,FINANCE,EXECUTIVE_REPORTING_TIER1,EXECUTIVE_REPORTING_TIER1,NTL_PRD_ALLVM,GL_ACCOUNT_v,,,,GL_ACCT_NUM,Daily,40 13 * * *,"ashish.k.singh@verizon.com,abhinav.batra1@verizon.com",Y,N,Y,TD,Executive_Reporting,TIER1,CORE SERVICES,Executive_Reporting_Tier1
VCG,FINANCE,EXECUTIVE_REPORTING_TIER1,EXECUTIVE_REPORTING_TIER1,NTL_PRD_ALLVM,GL_ACCOUNT_MAPPING_v,,,,GL_ACCT_NUM,Daily,40 13 * * *,"ashish.k.singh@verizon.com,abhinav.batra1@verizon.com",Y,N,Y,TD,Executive_Reporting,TIER1,CORE SERVICES,Executive_Reporting_Tier1
VCG,FINANCE,EXECUTIVE_REPORTING_TIER1,EXECUTIVE_REPORTING_TIER1,NTL_PRD_ALLVM,LEGAL_ENTITY_v,,,,LGL_ENTY_CD,Daily,40 13 * * *,"ashish.k.singh@verizon.com,abhinav.batra1@verizon.com",Y,N,Y,TD,Executive_Reporting,TIER1,CORE SERVICES,Executive_Reporting_Tier1
VCG,FINANCE,EXECUTIVE_REPORTING_TIER1,EXECUTIVE_REPORTING_TIER1,NTL_PRD_ALLVM,MAJOR_ACCT_v,,,,MAJ_ACCT_NUM,Daily,40 13 * * *,"ashish.k.singh@verizon.com,abhinav.batra1@verizon.com",Y,N,Y,TD,Executive_Reporting,TIER1,CORE SERVICES,Executive_Reporting_Tier1
VCG,FINANCE,EXECUTIVE_REPORTING_TIER1,EXECUTIVE_REPORTING_TIER1,NTL_PRD_ALLVM,MTN_XREF_v,,,,MTN,Daily,40 13 * * *,"ashish.k.singh@verizon.com,abhinav.batra1@verizon.com",Y,N,Y,TD,Executive_Reporting,TIER1,CORE SERVICES,Executive_Reporting_Tier1
VCG,FINANCE,EXECUTIVE_REPORTING_TIER1,EXECUTIVE_REPORTING_TIER1,NTL_PRD_ALLVM,NE2_CREDIT_XREF_v,,,,"FEAT_CD,FROM_AVG_AMT",Daily,40 13 * * *,"ashish.k.singh@verizon.com,abhinav.batra1@verizon.com",Y,N,Y,TD,Executive_Reporting,TIER1,CORE SERVICES,Executive_Reporting_Tier1
VCG,FINANCE,EXECUTIVE_REPORTING_TIER1,EXECUTIVE_REPORTING_TIER1,NTL_PRD_ALLVM,OUTLET_HIST_v,,,,SLS_OUTLET_ID,Daily,40 13 * * *,"ashish.k.singh@verizon.com,abhinav.batra1@verizon.com",Y,N,Y,TD,Executive_Reporting,TIER1,CORE SERVICES,Executive_Reporting_Tier1
VCG,FINANCE,EXECUTIVE_REPORTING_TIER1,EXECUTIVE_REPORTING_TIER1,NTL_PRD_ALLVM,OVERAGE_CAP_INFO_v,,,,"SVC_ID,FEAT_CD",Daily,40 13 * * *,"ashish.k.singh@verizon.com,abhinav.batra1@verizon.com",Y,N,Y,TD,Executive_Reporting,TIER1,CORE SERVICES,Executive_Reporting_Tier1
VCG,FINANCE,EXECUTIVE_REPORTING_TIER1,EXECUTIVE_REPORTING_TIER1,NTL_PRD_ALLVM,PAYMENT_ACH_v,,,,"MERCH_ORDER_NUM,ACH_TRANS_DT,ACH_TRANS_TM",Daily,40 13 * * *,"ashish.k.singh@verizon.com,abhinav.batra1@verizon.com",Y,N,Y,TD,Executive_Reporting,TIER1,CORE SERVICES,Executive_Reporting_Tier1
VCG,FINANCE,EXECUTIVE_REPORTING_TIER1,EXECUTIVE_REPORTING_TIER1,NTL_PRD_ALLVM,PAYMENT_REVERSAL_v,,,,"CUST_ID,ACCT_NUM,DEPOSIT_STATUS_CD",Daily,40 13 * * *,"ashish.k.singh@verizon.com,abhinav.batra1@verizon.com",Y,N,Y,TD,Executive_Reporting,TIER1,CORE SERVICES,Executive_Reporting_Tier1
VCG,FINANCE,EXECUTIVE_REPORTING_TIER1,EXECUTIVE_REPORTING_TIER1,NTL_PRD_ALLVM,PAYMENT_SOURCE_v,,,,PYMNT_SOURCE_CD,Daily,40 13 * * *,"ashish.k.singh@verizon.com,abhinav.batra1@verizon.com",Y,N,Y,TD,Executive_Reporting,TIER1,CORE SERVICES,Executive_Reporting_Tier1
VCG,FINANCE,EXECUTIVE_REPORTING_TIER1,EXECUTIVE_REPORTING_TIER1,NTL_PRD_ALLVM,PAYMENT_TENDER_v,,,,PYMNT_TENDER_TYPE,Daily,40 13 * * *,"ashish.k.singh@verizon.com,abhinav.batra1@verizon.com",Y,N,Y,TD,Executive_Reporting,TIER1,CORE SERVICES,Executive_Reporting_Tier1
VCG,FINANCE,EXECUTIVE_REPORTING_TIER1,EXECUTIVE_REPORTING_TIER1,NTL_PRD_ALLVM,PAYMENT_WO_FIN_v,,,,"CUST_ID,ACCT_NUM,PYMNT_TRANS_DT,PYMNT_SEQ_ID",Daily,40 13 * * *,"ashish.k.singh@verizon.com,abhinav.batra1@verizon.com",Y,N,Y,TD,Executive_Reporting,TIER1,CORE SERVICES,Executive_Reporting_Tier1
VCG,FINANCE,EXECUTIVE_REPORTING_TIER1,EXECUTIVE_REPORTING_TIER1,NTL_PRD_ALLVM,PEOPLESOFT_SID_MARKET_v,,,,"FIN_MKT_CD,FIN_CTGRY_CD,FIN_EVENT_CD",Daily,40 13 * * *,"ashish.k.singh@verizon.com,abhinav.batra1@verizon.com",Y,N,Y,TD,Executive_Reporting,TIER1,CORE SERVICES,Executive_Reporting_Tier1
VCG,FINANCE,EXECUTIVE_REPORTING_TIER1,EXECUTIVE_REPORTING_TIER1,NTL_PRD_ALLVM,PRICE_PLAN_BRAND_NAME_v,,,,PPLAN_BRAND_NM_CD,Daily,40 13 * * *,"ashish.k.singh@verizon.com,abhinav.batra1@verizon.com",Y,N,Y,TD,Executive_Reporting,TIER1,CORE SERVICES,Executive_Reporting_Tier1
VCG,FINANCE,EXECUTIVE_REPORTING_TIER1,EXECUTIVE_REPORTING_TIER1,NTL_PRD_ALLVM,PRICE_PLAN_CLASS_v,,,,PPLAN_CLASS_CD,Daily,40 13 * * *,"ashish.k.singh@verizon.com,abhinav.batra1@verizon.com",Y,N,Y,TD,Executive_Reporting,TIER1,CORE SERVICES,Executive_Reporting_Tier1
VCG,FINANCE,EXECUTIVE_REPORTING_TIER1,EXECUTIVE_REPORTING_TIER1,NTL_PRD_ALLVM,price_plan_equipment_v,,,,"PPLAN_CD,PPLAN_EQUIP_CD",Daily,40 13 * * *,"ashish.k.singh@verizon.com,abhinav.batra1@verizon.com",Y,N,Y,TD,Executive_Reporting,TIER1,CORE SERVICES,Executive_Reporting_Tier1
VCG,FINANCE,EXECUTIVE_REPORTING_TIER1,EXECUTIVE_REPORTING_TIER1,NTL_PRD_ALLVM,PRICE_PLAN_GEOGRAPHY_v,,,,PPLAN_GEO_CD,Daily,40 13 * * *,"ashish.k.singh@verizon.com,abhinav.batra1@verizon.com",Y,N,Y,TD,Executive_Reporting,TIER1,CORE SERVICES,Executive_Reporting_Tier1
VCG,FINANCE,EXECUTIVE_REPORTING_TIER1,EXECUTIVE_REPORTING_TIER1,NTL_PRD_ALLVM,PRICE_PLAN_HANDSET_REQ_v,,,,PPLAN_HANDSET_REQ_CD,Daily,40 13 * * *,"ashish.k.singh@verizon.com,abhinav.batra1@verizon.com",Y,N,Y,TD,Executive_Reporting,TIER1,CORE SERVICES,Executive_Reporting_Tier1
VCG,FINANCE,EXECUTIVE_REPORTING_TIER1,EXECUTIVE_REPORTING_TIER1,NTL_PRD_ALLVM,PRICE_PLAN_HOME_RT_CVRG_v,,,, PPLAN_HOME_RT_CVRG_CD,Daily,40 13 * * *,"ashish.k.singh@verizon.com,abhinav.batra1@verizon.com",Y,N,Y,TD,Executive_Reporting,TIER1,CORE SERVICES,Executive_Reporting_Tier1
VCG,FINANCE,EXECUTIVE_REPORTING_TIER1,EXECUTIVE_REPORTING_TIER1,NTL_PRD_ALLVM,PRICE_PLAN_PAYMENT_TYPE_v,,,,PPLAN_PYMNT_TYPE_CD,Daily,40 13 * * *,"ashish.k.singh@verizon.com,abhinav.batra1@verizon.com",Y,N,Y,TD,Executive_Reporting,TIER1,CORE SERVICES,Executive_Reporting_Tier1
VCG,FINANCE,EXECUTIVE_REPORTING_TIER1,EXECUTIVE_REPORTING_TIER1,NTL_PRD_ALLVM,PRICE_PLAN_PRODUCT_LINE_v,,,,PPLAN_PROD_LINE_CD,Daily,40 13 * * *,"ashish.k.singh@verizon.com,abhinav.batra1@verizon.com",Y,N,Y,TD,Executive_Reporting,TIER1,CORE SERVICES,Executive_Reporting_Tier1
VCG,FINANCE,EXECUTIVE_REPORTING_TIER1,EXECUTIVE_REPORTING_TIER1,NTL_PRD_ALLVM,PRICE_PLAN_PROMO_v,,,,PPLAN_PROMO_CD,Daily,40 13 * * *,"ashish.k.singh@verizon.com,abhinav.batra1@verizon.com",Y,N,Y,TD,Executive_Reporting,TIER1,CORE SERVICES,Executive_Reporting_Tier1
VCG,FINANCE,EXECUTIVE_REPORTING_TIER1,EXECUTIVE_REPORTING_TIER1,NTL_PRD_ALLVM,PRICE_PLAN_SET_v,,,,PPLAN_CD,Daily,40 13 * * *,"ashish.k.singh@verizon.com,abhinav.batra1@verizon.com",Y,N,Y,TD,Executive_Reporting,TIER1,CORE SERVICES,Executive_Reporting_Tier1
VCG,FINANCE,EXECUTIVE_REPORTING_TIER1,EXECUTIVE_REPORTING_TIER1,NTL_PRD_ALLVM,PRICE_PLAN_SHARE_v,,,,PPLAN_SHARE_CD,Daily,40 13 * * *,"ashish.k.singh@verizon.com,abhinav.batra1@verizon.com",Y,N,Y,TD,Executive_Reporting,TIER1,CORE SERVICES,Executive_Reporting_Tier1
VCG,FINANCE,EXECUTIVE_REPORTING_TIER1,EXECUTIVE_REPORTING_TIER1,NTL_PRD_ALLVM,SALES_PERSON_v,,,,SLS_PRSN_ID,Daily,40 13 * * *,"ashish.k.singh@verizon.com,abhinav.batra1@verizon.com",Y,N,Y,TD,Executive_Reporting,TIER1,CORE SERVICES,Executive_Reporting_Tier1
VCG,FINANCE,EXECUTIVE_REPORTING_TIER1,EXECUTIVE_REPORTING_TIER1,NTL_PRD_ALLVM,SALES_PERSON_HIST_v,,,,SLS_PRSN_ID,Daily,40 13 * * *,"ashish.k.singh@verizon.com,abhinav.batra1@verizon.com",Y,N,Y,TD,Executive_Reporting,TIER1,CORE SERVICES,Executive_Reporting_Tier1
VCG,FINANCE,EXECUTIVE_REPORTING_TIER1,EXECUTIVE_REPORTING_TIER1,NTL_PRD_ALLVM,SID_v,,,,SID_ID,Daily,40 13 * * *,"ashish.k.singh@verizon.com,abhinav.batra1@verizon.com",Y,N,Y,TD,Executive_Reporting,TIER1,CORE SERVICES,Executive_Reporting_Tier1
VCG,FINANCE,EXECUTIVE_REPORTING_TIER1,EXECUTIVE_REPORTING_TIER1,NTL_PRD_ALLVM,SID_HIST_v,,,,"SID_ID,EFF_DT",Daily,40 13 * * *,"ashish.k.singh@verizon.com,abhinav.batra1@verizon.com",Y,N,Y,TD,Executive_Reporting,TIER1,CORE SERVICES,Executive_Reporting_Tier1
VCG,FINANCE,EXECUTIVE_REPORTING_TIER1,EXECUTIVE_REPORTING_TIER1,NTL_PRD_ALLVM,SID_MARKET_v,,,,"SID_ID,SOR_ID,MKT_CD",Daily,40 13 * * *,"ashish.k.singh@verizon.com,abhinav.batra1@verizon.com",Y,N,Y,TD,Executive_Reporting,TIER1,CORE SERVICES,Executive_Reporting_Tier1
VCG,FINANCE,EXECUTIVE_REPORTING_TIER1,EXECUTIVE_REPORTING_TIER1,NTL_PRD_ALLVM,SINGL_BL_TERM_REASON_v,,,,SINGL_BL_TERM_REAS_CD,Daily,40 13 * * *,"ashish.k.singh@verizon.com,abhinav.batra1@verizon.com",Y,N,Y,TD,Executive_Reporting,TIER1,CORE SERVICES,Executive_Reporting_Tier1
VCG,FINANCE,EXECUTIVE_REPORTING_TIER1,EXECUTIVE_REPORTING_TIER1,NTL_PRD_ALLVM,table_load_status_v,,,,"TABLENAME,LOAD_COMPLETION_DT",Daily,40 13 * * *,"ashish.k.singh@verizon.com,abhinav.batra1@verizon.com",Y,N,Y,TD,Executive_Reporting,TIER1,CORE SERVICES,Executive_Reporting_Tier1
VCG,FINANCE,EXECUTIVE_REPORTING_TIER1,EXECUTIVE_REPORTING_TIER1,NTL_PRD_ALLVM,USER_PROFILE_XREF_v,,,,PROFILE_CD,Daily,40 13 * * *,"ashish.k.singh@verizon.com,abhinav.batra1@verizon.com",Y,N,Y,TD,Executive_Reporting,TIER1,CORE SERVICES,Executive_Reporting_Tier1
VCG,Finance,One_ex_Model_DQ_TIER1,One_ex_Model_DQ_TIER1,NTL_PRD_ALLVM,VL_DAILY_LINE_ACTIVITY_V,,,,ID,Daily,10 14 * * *,,Y,N,Y,TD,One_Ex,TIER1,CORE SERVICES,One_Ex_Reporting_Tier1
VCG,Finance,One_ex_Model_DQ_TIER1,One_ex_Model_DQ_TIER1,NTL_PRD_ALLVM,TF_RPT_ACT_DISC_GA_SUM_TRANS_V,,,,"FCST_GRP,RPT_DT,ACTIVITY_TYPE",Daily,10 14 * * *,,Y,N,Y,TD,One_Ex,TIER1,CORE SERVICES,One_Ex_Reporting_Tier1
VCG,Finance,One_ex_Model_DQ_TIER1,One_ex_Model_DQ_TIER1,NTL_PRD_ALLVM,DAILY_ACCT_ACTIVITY_V2_V,,,,"TRANS_DT,ACTIVITY_DT,SOR_ID,CUST_ID,CUST_LINE_SEQ_ID,ACCT_NUM,ACTIVITY_CD",Daily,10 14 * * *,,Y,N,Y,TD,One_Ex,TIER1,CORE SERVICES,One_Ex_Reporting_Tier1
VCG,Finance,One_ex_Model_DQ_TIER1,One_ex_Model_DQ_TIER1,NTL_PRD_ALLVM,EQUIP_SUM_FACT_V,,,,"RPT_MTH,PYMNT_DT,INVC_NUM,INVC_LINE_NUM,INVC_DT,STORE_NUM,SOR_ID,CUST_ID,CUST_LINE_SEQ_ID,ROW_TYPE_I",Daily,10 14 * * *,,Y,N,Y,TD,One_Ex,TIER1,CORE SERVICES,One_Ex_Reporting_Tier1
VCG,MARKETING,Promotion_Model_DQ_TIER1,Promotion_Model_DQ_TIER1,BI_PRD_ITVM,BI_ATOMIC_SUB_PROD_HIER_ROLLUP,,,,PROD_OFF_SUBGROUP_CD,DAILY,40 14 * * *,,Y,N,Y,TD,Promotion,TIER1,CORE SERVICES,Promotion_Reporting_Tier1
VCG,MARKETING,Promotion_Model_DQ_TIER1,Promotion_Model_DQ_TIER1,UDM_PRD_ITVM,MODELS_HIST,,,,"ITEM_CD,PROD_NM",DAILY,40 14 * * *,,Y,N,Y,TD,Promotion,TIER1,CORE SERVICES,Promotion_Reporting_Tier1
VCG,MARKETING,Promotion_Model_DQ_TIER1,Promotion_Model_DQ_TIER1,UDM_PRD_ITVM,MODELS,,,,"EFF_DT,ITEM_CD,PROD_NM",DAILY,40 14 * * *,,Y,N,Y,TD,Promotion,TIER1,CORE SERVICES,Promotion_Reporting_Tier1
VCG,MARKETING,Promotion_Model_DQ_TIER1,Promotion_Model_DQ_TIER1,BI_PRD_ITVM,RPT_ATOMIC_PROD_HIER_INTEGRITY,,,,"PROD_HIER_COLUMN_NM_1,PROD_HIER_COLUMN_NM_2,PROD_HIER_COLUMN_NM_3,INSERT_DT",DAILY,40 14 * * *,,Y,N,Y,TD,Promotion,TIER1,CORE SERVICES,Promotion_Reporting_Tier1
VCG,MARKETING,Promotion_Model_DQ_TIER1,Promotion_Model_DQ_TIER1,NTL_PRD_ALLVM,POS_DRC_PROMO_BUY_LINK_V ,,,,"GET_STORE_NUM,GET_INVC_NUM,GET_INVC_LINE_NUM",Daily,40 14 * * *,,N,N,Y,TD,Promotion,TIER1,CORE SERVICES,Promotion_Reporting_Tier1
VCG,MARKETING,Promotion_Model_DQ_TIER1,Promotion_Model_DQ_TIER1,NTL_PRD_ALLVM,POS_TRADE_IN_DTLS_V,,,,"STORE_NUM,INVC_NUM,INVC_LINE_NUM,RFND_DT,RFND_TS",Daily,40 14 * * *,,Y,N,Y,TD,Promotion,TIER1,CORE SERVICES,Promotion_Reporting_Tier1
VCG,MARKETING,Promotion_Model_DQ_TIER1,Promotion_Model_DQ_TIER1,NTL_PRD_ALLVM,TRADE_BILLED_RECORDS_V,,,,"CUST_LINE_SEQ_ID,CUST_ID,TRADE_COMPLETE_DT",Daily,40 14 * * *,,Y,N,Y,TD,Promotion,TIER1,CORE SERVICES,Promotion_Reporting_Tier1
VCG,MARKETING,Promotion_Model_DQ_TIER1,Promotion_Model_DQ_TIER1,NTL_PRD_ALLVM,OMP_OFFER_V,,,,OFFER_ID,Daily,40 14 * * *,,Y,N,Y,TD,Promotion,TIER1,CORE SERVICES,Promotion_Reporting_Tier1
VCG,MARKETING,Promotion_Model_DQ_TIER1,Promotion_Model_DQ_TIER1,NTL_PRD_ALLVM,POS_EQUIP_TRADE_POST_INSP_V,,,,"STORE_NUM,INVC_NUM,INVC_LINE_NUM,CRTC_PROC_DT",Daily,40 14 * * *,,Y,N,Y,TD,Promotion,TIER1,CORE SERVICES,Promotion_Reporting_Tier1
VCG,MARKETING,Promotion_Model_DQ_TIER1,Promotion_Model_DQ_TIER1,NTL_PRD_ALLVM,POS_EQUIP_TRADE_IN_CANCEL_V,,,,"CANCEL_ID,INVC_NUM",Daily,40 14 * * *,,Y,N,Y,TD,Promotion,TIER1,CORE SERVICES,Promotion_Reporting_Tier1
VCG,MARKETING,Promotion_Model_DQ_TIER1,Promotion_Model_DQ_TIER1,NTL_PRD_ALLVM,POS_EQUIP_TRADE_IN_V,,,,"Order_Number,IMEI,Trade_in_order_date",Daily,40 14 * * *,,Y,N,Y,TD,Promotion,TIER1,CORE SERVICES,Promotion_Reporting_Tier1
VCG,MARKETING,Promotion_Model_DQ_TIER1,Promotion_Model_DQ_TIER1,NTL_PRD_ALLVM,POS_INSTORE_PICKUP_TRANS_V,,,,"STORE_NUM,INVC_NUM,INVC_LINE_NUM",Daily,40 14 * * *,,Y,N,Y,TD,Promotion,TIER1,CORE SERVICES,Promotion_Reporting_Tier1
VCG,MARKETING,Promotion_Model_DQ_TIER1,Promotion_Model_DQ_TIER1,NTL_PRD_ALLVM,POS_DEVICE_RECYCLE_ORDER_V,,,,"STORE_NUM,INVC_NUM,INVC_LINE_NUM",Daily,40 14 * * *,,Y,N,Y,TD,Promotion,TIER1,CORE SERVICES,Promotion_Reporting_Tier1
VCG,MARKETING,Promotion_Model_DQ_TIER1,Promotion_Model_DQ_TIER1,NTL_PRD_ALLVM,POS_DEVICE_RECYCLE_ORDER_EXT_V,,,,"STORE_NUM,INVC_NUM,INVC_LINE_NUM",Daily,40 14 * * *,,Y,N,Y,TD,Promotion,TIER1,CORE SERVICES,Promotion_Reporting_Tier1
VCG,MARKETING,Promotion_Model_DQ_TIER1,Promotion_Model_DQ_TIER1,NTL_PRD_ALLVM,POS_EQUIP_TRADE_IN_CHRGBK_V,,,,"INVC_NUM,CHRG_BACK_DT",Daily,40 14 * * *,,Y,N,Y,TD,Promotion,TIER1,CORE SERVICES,Promotion_Reporting_Tier1
VCG,MARKETING,Promotion_Model_DQ_TIER1,Promotion_Model_DQ_TIER1,NTL_PRD_ALLVM,NETACE_MARKETING_XREF_V,,,,"MARKETING_ID,MARKETING_ID_START_DT",Daily,40 14 * * *,,Y,N,Y,TD,Promotion,TIER1,CORE SERVICES,Promotion_Reporting_Tier1
VCG,MARKETING,Promotion_Model_DQ_TIER1,Promotion_Model_DQ_TIER1,NTL_PRD_ALLVM,NETACE_MARKETING_OFFER_V,,,,"MARKETING_ID,OFFER_ID,MARKETING_OFFER_CREATE_DT",Daily,40 14 * * *,,Y,N,Y,TD,Promotion,TIER1,CORE SERVICES,Promotion_Reporting_Tier1
VCG,MARKETING,Promotion_Model_DQ_TIER1,Promotion_Model_DQ_TIER1,NTL_PRD_ALLVM,POS_DRC_PROMO_BUY_LINK_V,,,,"GET_STORE_NUM,GET_INVC_NUM,GET_INVC_LINE_NUM",Daily,40 14 * * *,,Y,N,Y,TD,Promotion,TIER1,CORE SERVICES,Promotion_Reporting_Tier1
VCG,MARKETING,Promotion_Model_DQ_TIER1,Promotion_Model_DQ_TIER1,NTL_PRD_ALLVM,DRC_REFUNDS_CREDIT_V,,,,"STORE_NUM,INVC_NUM,INVC_LINE_NUM,RFND_DT,RFND_TS",Daily,40 14 * * *,,Y,N,Y,TD,Promotion,TIER1,CORE SERVICES,Promotion_Reporting_Tier1
VCG,MARKETING,Promotion_Model_DQ_TIER1,Promotion_Model_DQ_TIER1,NTL_PRD_ALLVM,INDIRECT_DEVICE_TRADE_CANCEL_V,,,,TRADE_ORD_NUM,Daily,40 14 * * *,,Y,N,Y,TD,Promotion,TIER1,CORE SERVICES,Promotion_Reporting_Tier1
VCG,MARKETING,Promotion_Model_DQ_TIER1,Promotion_Model_DQ_TIER1,NTL_PRD_ALLVM,INDIRECT_DEVICE_TRADE_TRANS_V,,,,TRADE_ORD_NUM,Daily,40 14 * * *,,Y,N,Y,TD,Promotion,TIER1,CORE SERVICES,Promotion_Reporting_Tier1
VCG,MARKETING,Promotion_Model_DQ_TIER1,Promotion_Model_DQ_TIER1,NTL_PRD_ALLVM,TRADE_IN_DIRECT_SUM_FACT_V,,,,"INVC_NUM,INVC_LINE_NUM,STORE_NUM",Daily,40 14 * * *,,Y,N,Y,TD,Promotion,TIER1,CORE SERVICES,Promotion_Reporting_Tier1
VCG,MARKETING,Promotion_Model_DQ_TIER1,Promotion_Model_DQ_TIER1,NTL_PRD_ALLVM,TRADE_IN_INDIRECT_SUM_FACT_V,,,,"TRANS_TYPE,TRADE_IN_COMPLETE_DT,TRADE_IN_DT,CUST_ID,CUST_LINE_SEQ_ID,INVC_NUM,INVC_LINE_NUM,SLS_OUTL",Daily,40 14 * * *,,Y,N,Y,TD,Promotion,TIER1,CORE SERVICES,Promotion_Reporting_Tier1
VCG,MARKETING,Promotion_Model_DQ_TIER1,Promotion_Model_DQ_TIER1,NTL_PRD_ALLVM,SED_OMP_OFFER_XREF_V,,,,OFFER_ID,Daily,40 14 * * *,,Y,N,Y,TD,Promotion,TIER1,CORE SERVICES,Promotion_Reporting_Tier1
VCG,MARKETING,Promotion_Model_DQ_TIER1,Promotion_Model_DQ_TIER1,NTL_PRD_ALLVM,DEVICE_DP_MAP_V,,,,PROD_NM,Daily,40 14 * * *,,Y,N,Y,TD,Promotion,TIER1,CORE SERVICES,Promotion_Reporting_Tier1
VCG,MARKETING,Promotion_Model_DQ_TIER1,Promotion_Model_DQ_TIER1,NTL_PRD_ALLVM,DEVICE_DP_MAP_HIST_V,,,,"EFF_DT,PROD_NM",Daily,40 14 * * *,,Y,N,Y,TD,Promotion,TIER1,CORE SERVICES,Promotion_Reporting_Tier1
VCG,MARKETING,Promotion_Model_DQ_TIER1,Promotion_Model_DQ_TIER1,NTL_PRD_ALLVM,DEVICE_DP_GRP_MAP_V,,,,PROD_NM,Daily,40 14 * * *,,Y,N,Y,TD,Promotion,TIER1,CORE SERVICES,Promotion_Reporting_Tier1
VCG,MARKETING,Promotion_Model_DQ_TIER1,Promotion_Model_DQ_TIER1,NTL_PRD_ALLVM,HANDSET_EQUIP_V,,,,PROD_NM,Daily,40 14 * * *,,Y,N,Y,TD,Promotion,TIER1,CORE SERVICES,Promotion_Reporting_Tier1
VCG,MARKETING,Promotion_Model_DQ_TIER1,Promotion_Model_DQ_TIER1,NTL_PRD_ALLVM,HANDSET_EQUIP_HIST_V,,,,"EFF_DT,PROD_NM",Daily,40 14 * * *,,Y,N,Y,TD,Promotion,TIER1,CORE SERVICES,Promotion_Reporting_Tier1
VCG,MARKETING,Promotion_Model_DQ_TIER1,Promotion_Model_DQ_TIER1,NTL_PRD_ALLVM,CREDIT_DECISION_REASON_V,,,,DECISION_REAS_CD,Daily,40 14 * * *,,Y,N,Y,TD,Promotion,TIER1,CORE SERVICES,Promotion_Reporting_Tier1
VCG,MARKETING,Promotion_Model_DQ_TIER1,Promotion_Model_DQ_TIER1,NTL_PRD_ALLVM,CREDIT_ACTIVATION_V,,,,CREDIT_APP_NUM,Daily,40 14 * * *,,Y,N,Y,TD,Promotion,TIER1,CORE SERVICES,Promotion_Reporting_Tier1
VCG,MARKETING,Promotion_Model_DQ_TIER1,Promotion_Model_DQ_TIER1,NTL_PRD_ALLVM,CREDIT_DECISION_V,,,,CREDIT_APP_NUM,Daily,40 14 * * *,,Y,N,Y,TD,Promotion,TIER1,CORE SERVICES,Promotion_Reporting_Tier1
VCG,MARKETING,Promotion_Model_DQ_TIER1,Promotion_Model_DQ_TIER1,NTL_PRD_ALLVM,CREDIT_APP_V,,,,CREDIT_APP_NUM,Daily,40 14 * * *,,Y,N,Y,TD,Promotion,TIER1,CORE SERVICES,Promotion_Reporting_Tier1
VCG,MARKETING,Promotion_Model_DQ_TIER1,Promotion_Model_DQ_TIER1,NTL_PRD_ALLVM,BI_ATOMIC_PROD_HIER_DLY_CURR_V,,,,ATOMIC_PROD_ID,Daily,40 14 * * *,,Y,N,Y,TD,Promotion,TIER1,CORE SERVICES,Promotion_Reporting_Tier1
VCG,MARKETING,Promotion_Model_DQ_TIER1,Promotion_Model_DQ_TIER1,NTL_PRD_ALLVM,BI_ATOMIC_PROD_HIER_ROLLUP_V,,,,"ATOMIC_PROD_HIER_TYPE_ID,PROD_OFF_PRODUCT_CD",Daily,40 14 * * *,,Y,N,Y,TD,Promotion,TIER1,CORE SERVICES,Promotion_Reporting_Tier1
VCG,MARKETING,Promotion_Model_DQ_TIER1,Promotion_Model_DQ_TIER1,NTL_PRD_ALLVM,BI_ATOMIC_PROD_HIER_COMB_V,,,,"ATOMIC_PROD_ID,ATOMIC_PROD_HIER_TYPE_ID,EFF_DT",Daily,40 14 * * *,,Y,N,Y,TD,Promotion,TIER1,CORE SERVICES,Promotion_Reporting_Tier1
VCG,MARKETING,Promotion_Model_DQ_TIER1,Promotion_Model_DQ_TIER1,NTL_PRD_ALLVM,BI_ATOMIC_PROD_HIER_V,,,,ATOMIC_PROD_ID,Daily,40 14 * * *,,Y,N,Y,TD,Promotion,TIER1,CORE SERVICES,Promotion_Reporting_Tier1
VCG,MARKETING,Promotion_Model_DQ_TIER1,Promotion_Model_DQ_TIER1,NTL_PRD_ALLVM,BI_ATOMIC_PRODUCT_V,,,,,Daily,40 14 * * *,,Y,N,Y,TD,Promotion,TIER1,CORE SERVICES,Promotion_Reporting_Tier1
